STATION CODE,LOCATIONS,STATE,Temp,D.O. (mg/l),PH,CONDUCTIVITY (ç— hos/cm),B.O.D. (mg/l),NITRATENAN N+ NITRITENANN (mg/l),FECAL COLIFORM (MPN/100ml),TOTAL COLIFORM (MPN/100ml)Mean,year
1443,"ACHENKOIL AT CHENNITHULA, KERALA",KERALA,24.6,5.8,7.4,77,1.4,0.8,285,691,2014
3465,"ACHENKOIL AT KALLARAKADAVU, PATHANAMTHITTA",KERALA,25.7,6.6,7.5,75,1.4,0.7,183,448,2014
3466,"ACHENKOIL AT PANDALAM (NEAR AYYAPPA TEMPLE), PATHANAMTHITTA",KERALA,24.8,6.7,7.5,82,1.4,1,161,443,2014
1342,"ACHENKOIL AT THUMPAMON, KERALA",KERALA,25.1,6.7,7.5,85,1.4,1,183,420,2014
2297,R ANCHARAKANDY AT MERUVAMBA,KERALA,27.3,6.7,6.9,56,0.9,0.2,82,172,2014
2319,R ANCHARAKANDY AT MERUVAMBA,KERALA,27.5,6.5,6.7,2240,1.2,0.2,136,304,2014
2286,R AYROOR AT AYROOR BRIDGE,KERALA,25.2,6.3,6.9,73,1.6,0,787,2008,2014
2331,R BHARATHAPUZHA AT KUTTIPPURAM,KERALA,29.9,7,7.4,130,0.7,0.1,301,590,2014
2332,R BHARATHAPUZHA AT PATTAMBI,KERALA,29.8,6.6,7.7,191,1.6,0.2,362,661,2014
1154,"CHALAKUDY AT PULICKALKANANDAVU, KERALA",KERALA,27.8,6.9,6.9,134,1.1,0.4,249,531,2014
20,"CHALIYAR AT KOOLIMADU, KERALA",KERALA,26.7,7,7.5,80,0.8,0.4,2573,3583,2014
21,"CHALIYAR AT CHUNGAPALLY, KERALA",KERALA,25.8,6.7,7.4,14526,0.8,0.6,1411,1969,2014
3464,"CHALIYAR AT NILAMBUR, MALAPPURAM",KERALA,26.4,7.2,7.4,82,0.7,0.5,840,1311,2014
1572,"CHANDRAGIRI AT PADIYATHADKA, KERALA",KERALA,29.8,7.5,7.2,67,1.1,0.1,76,590,2014
1573,"CHITRAPUZHA AT IRUMPANAM, KERALA",KERALA,28.6,3,6.6,965,1.7,1.2,247,530,2014
2295,R CORAPUZHA AT KANAYANKODE,KERALA,26.9,5.9,7.4,17990,0.7,0.5,1888,2803,2014
1564,"R ITHIKKARA AT AYUR, KERALA",KERALA,26,6.7,7.5,90,1.6,0.9,199,473,2014
2287,R ITHIKKARA AT ITHIKKARA,KERALA,23.6,6.1,7.4,4429,2,1.6,243,550,2014
1566,"R KADALUNDI AT THIRURANGADY, KERALA",KERALA,30.3,6.7,6.9,87,1.7,0.2,155,350,2014
2293,R KADALUNDI AT HAJIRAPPALLY,KERALA,30.7,6.9,6.8,85,1.6,0.2,82,206,2014
2337,R KADAMBAYAR AT BRAHMAPURAM,KERALA,28.7,2.1,6.8,101,1.6,0.8,431,694,2014
2338,R KADAMBAYAR AT MANCKAKADAVU,KERALA,28.2,2.5,6.9,83,1.9,0.3,353,656,2014
42,"KALLADA AT PERUMTHOTTAMKADAVU, PUNALOOR, KERALA",KERALA,24.8,7.2,7.6,75,1.4,1,188,426,2014
2294,R KALLAI AT KALLAI BRIDGE,KERALA,26.3,3.7,7.7,32005,1.2,0.9,40000,60392,2014
3460,"KALPATHI PUZHA AT KALPATHI, PALAKKAD",KERALA,29.2,6.1,7.6,281,1.2,0.7,384,718,2014
3458,KARAPUZHA DAM AT WAYANAD,KERALA,26.6,6.7,7.6,106,0.5,2.5,44,71,2014
1571,"R KARINGODE AT KAKKADAVU,  KERALA",KERALA,30.4,7.6,7.1,58,1.2,0.1,163,961,2014
1155,"KARAMANA AT MOONNATTUMUKKU, KERALA",KERALA,25.5,1.9,7.7,2941,26.9,2.8,10875,37375,2014
3471,"RIVER KARAMANA AT ARUVIKARA, THIRUVANANTHAPURAM",KERALA,25.1,7.4,7,35,0.1,0,165,409,2014
2289,R KARUVANNURR AT KARUVANNUR BRIDGE,KERALA,28.9,6.4,7.2,63,1.3,0.4,121,535,2014
2301,R KAVVAI AT KUTTIYOL PALAM,KERALA,28.8,5.4,6.7,65,1.1,0.3,60,144,2014
2291,R KEECHERI AT VADAKKANCHERY BRIDGE,KERALA,29.3,5.6,7.3,90,1.6,0.4,268,705,2014
2326,R KORAYAR AT KANJIKODE,KERALA,29.5,7.1,8,728,1.2,0.4,374,697,2014
1569,"R KUPPAM AT THALIPARAMBA, KERALA",KERALA,28.4,5.9,6.8,13953,1.5,0.4,70,166,2014
2298,R KUPPAM AT RAYAROM,KERALA,26.9,7.4,6.9,57,1.1,0.3,70,159,2014
1567,"R KUTTIYADE AT KUTTIYADY ESTATE, KERALA",KERALA,25.8,7.2,7.2,41,0.7,0.2,441,658,2014
1568,"R MAHE AT VALAYAM, KERALA",KERALA,26.6,6.5,7.4,71,0.6,0.3,4192,7018,2014
2285,R MAMOM AT MAMOM BRIDGE,KERALA,25.3,6.8,7.1,81,0.8,0,389,1268,2014
1340,"MANIMALA  AT KALLOOPARA, KERALA",KERALA,28.2,6.8,6.9,68,1.7,0.1,449,660,2014
1384,"MANIMALA AT THONDRA, KERALA",KERALA,28.5,6.6,7,70,1.4,0.1,550,822,2014
3459,"MANIYANKODE PUZHA AT MANIYANKODE BRIDGE, WAYANAD",KERALA,27.6,6.4,7.7,100,0.6,0.9,56,88,2014
2307,R MANJESWAR AT BAJRAKKARA BR.,KERALA,29,7.3,6.9,96,1.9,0.2,89,825,2014
1339,"MEENACHIL AT KIDANGOOR, KERALA",KERALA,27.5,6.8,6.6,49,0.5,0.4,1719,2950,2014
2304,R MOGRAL AT MOGRAL BR.,KERALA,30,5.6,7.2,24360,2.1,0.3,92,447,2014
43,"MUVATTAPUZHA AT VETTIKKATTUMUKKU, KERALA",KERALA,27.8,6.9,6.8,59,0.6,0.5,1916,3375,2014
2302,R NEELASWARAM AT NAMBIARKAL DAM,KERALA,30.2,7.1,6.8,14410,1.8,0.1,65,468,2014
1570,"R NEELESWARAM AT HOSDURG, KERALA",KERALA,30.8,6.2,7.2,22757,1.5,0.1,98,542,2014
1563,"R NEYYAR AT AMARAVILA, KERALA",KERALA,25.3,6.7,7.1,66,0.6,0,222,626,2014
2284,R NEYYAR AT ARUVIPURAM,KERALA,25.3,7.2,7,59,0.6,0,165,433,2014
2288,R PALLICKAL AT NELLIMUKAL,KERALA,25.8,6,7.6,120,1.3,1.1,212,523,2014
1156,"PAMBA AT CHENGANNUR, KERALA",KERALA,27.2,5.2,6.8,55,0.6,0.7,171,313,2014
1341,"PAMBA AT THAKAZHY, KERALA",KERALA,28.1,4.8,6.8,86,0.7,0.8,208,332,2014
1565,"PAMBA DOWN, KERALA",KERALA,28.3,3.9,6.9,62,0.5,0.7,155,284,2014
17,"PERIYAR NEAR ALWAYENANELOOR, KERALA",KERALA,28.1,5,6.9,3185,1.8,0.4,290,667,2014
18,"PERIYAR AT KALADY, KERALA",KERALA,27.7,7,7,36,1.1,0.2,276,541,2014
1338,"PERIYAR AT SEWAGE DISCHARGE POINT, KERALA",KERALA,28,6.3,6.9,64,1.2,0.3,381,815,2014
2333,RIVER PERIYAR AT MUPPATHADAM,KERALA,28.2,6.2,6.9,86,1.3,0.2,372,1007,2014
2334,RIVER PERIYAR AT PATHALAM,KERALA,28,5.7,6.8,2640,1.9,0.5,385,759,2014
2335,R PERIYAR AT KALAMASSERY,KERALA,28.1,5.7,6.9,53,3.1,0.4,574,1205,2014
2336,R PERIYAR AT PURAPPALLIKAVU,KERALA,28.1,6.6,7.1,2007,1.3,0.2,356,785,2014
3468,"PERIYAR AT KWA INTAKENAN ALUVA, ERNAKULAM",KERALA,28.1,6.6,7,46,1.3,0.3,228,472,2014
2300,R PERUVAMBA AT CHANDAPPURA,KERALA,27.3,6.5,6.5,43,0.9,0.4,87,188,2014
2303,R PULLUR AT PULLUR BR.,KERALA,28.3,6.7,6.3,54,0.9,0.1,136,610,2014
2290,R PUZHACKAL AT PUZHACKAL BRIDGE,KERALA,29.1,4.3,7.2,113,1.8,0.4,188,796,2014
2299,R RAMAPURAM AT RAMAPURAM BRIDGE,KERALA,28.7,4.6,6.7,12561,1.5,0.6,72,171,2014
2305,R SHRIYA AT ANGADIMOGARU,KERALA,28.5,7.7,6.9,61,1.6,0,88,554,2014
2296,R THALLASSERY AT PATHIPPALAM,KERALA,26.6,5.8,6.5,61,1,0.4,70,151,2014
2292,R THIRUR AT THALAKKADATHUR BRIDGE,KERALA,31,4.5,6.9,1614,2.1,0.6,131,230,2014
2306,R UPPALA AT  UPPALA BR.,KERALA,30.5,6.9,7.2,20950,1.3,0.2,113,643,2014
3473,"RIVER VALAPATTANAM AT PARASSINIKADAVU, KANNUR",KERALA,28.8,6.6,7,14487,0.9,0.3,55,103,2014
1442,"VAMANAPURAM, KERALA",KERALA,25.3,6.9,7.5,54,0.6,0,319,1633,2014
1342,"ACHENKOIL AT THUMPAMON, KERALA",KERALA,24,6.4,7.3,76,1.7,0.62,199,788,2013
1443,"ACHENKOIL AT CHENNITHULA, KERALA",KERALA,24.9,6,7.1,85,1.7,0.53,262,538,2013
3465,"ACHENKOIL AT KALLARAKADAVU, PATHANAMTHITTA",KERALA,24.3,6.3,7.1,69,1.3,0.57,248,593,2013
3466,"ACHENKOIL AT PANDALAM (NEAR AYYAPPA TEMPLE), PATHANAMTHITTA",KERALA,24.8,6.5,7.3,76,1.6,0.55,226,545,2013
2297,R ANCHARAKANDY AT MERUVAMBA,KERALA,26.4,6.7,6.6,60,1.2,0.34,228,435,2013
2319,R ANCHARAKANDY AT MERUVAMBA,KERALA,27,7,6.6,3544,1.5,0.37,208,435,2013
2286,R AYROOR AT AYROOR BRIDGE,KERALA,26.6,6.7,7.3,51,0.8,0.35,547,1567,2013
2331,R BHARATHAPUZHA AT KUTTIPPURAM,KERALA,28.6,6.9,7.7,107,0.7,0.46,255,443,2013
2332,R BHARATHAPUZHA AT PATTAMBI,KERALA,28.8,6.7,7.9,173,0.9,0.56,191,426,2013
1154,"CHALAKUDY AT PULICKALKANANDAVU, KERALA",KERALA,28,5.6,6.9,126,1.2,0.67,266,990,2013
20,"CHALIYAR AT KOOLIMADU, KERALA",KERALA,27.4,7.3,7.4,70,0.8,0.31,2984,4208,2013
21,"CHALIYAR AT CHUNGAPALLY, KERALA",KERALA,27.5,6.9,7.4,12754,0.8,0.29,1807,2557,2013
3464,"CHALIYAR AT NILAMBUR, MALAPPURAM",KERALA,26.8,7.1,7.4,80,0.6,0.5,1921,2831,2013
1572,"CHANDRAGIRI AT PADIYATHADKA, KERALA",KERALA,30,7.2,6.9,62,1.3,0.11,33,150,2013
1573,"CHITRAPUZHA AT IRUMPANAM, KERALA",KERALA,28.8,3.4,6.7,2965,2.3,1.11,271,1236,2013
2295,R CORAPUZHA AT KANAYANKODE,KERALA,27.4,6.1,7.2,15871,0.9,0.25,1667,2975,2013
1564,"R ITHIKKARA AT AYUR, KERALA",KERALA,24.8,6.4,7.2,120,1.9,0.77,258,618,2013
2287,R ITHIKKARA AT ITHIKKARA,KERALA,23.6,6.2,7.2,7448,2,1.01,184,483,2013
1566,"R KADALUNDI AT THIRURANGADY, KERALA",KERALA,29.8,6.6,6.9,77,1.6,0.29,264,756,2013
2293,R KADALUNDI AT HAJIRAPPALLY,KERALA,30.2,6.8,7,72,1.7,0.2,249,785,2013
2337,R KADAMBAYAR AT BRAHMAPURAM,KERALA,28.2,2.9,6.7,305,2.2,1.28,403,1623,2013
2338,R KADAMBAYAR AT MANCKAKADAVU,KERALA,27.7,3,6.6,86,2,0.39,357,1319,2013
42,"KALLADA AT PERUMTHOTTAMKADAVU, PUNALOOR, KERALA",KERALA,23.9,6.7,7.1,79,1.6,0.34,313,738,2013
2294,R KALLAI AT KALLAI BRIDGE,KERALA,27.4,3.6,7.3,32790,2.6,0.59,64259,112867,2013
3460,"KALPATHI PUZHA AT KALPATHI, PALAKKAD",KERALA,27.8,6.1,7.8,2905,1.3,0.54,422,997,2013
3458,KARAPUZHA DAM AT WAYANAD,KERALA,26.4,6.9,7.4,112,0.5,0.35,50,67,2013
1571,"R KARINGODE AT KAKKADAVU,  KERALA",KERALA,29.6,7,6.9,51,1.1,0.18,44,317,2013
1155,"KARAMANA AT MOONNATTUMUKKU, KERALA",KERALA,27,3.1,7.2,1416,13.2,4.41,2992,19917,2013
3471,"RIVER KARAMANA AT ARUVIKARA, THIRUVANANTHAPURAM",KERALA,26.3,7,7.1,30,0.5,0.32,211,496,2013
2289,R KARUVANNURR AT KARUVANNUR BRIDGE,KERALA,30,6.1,7,59,1.8,0.58,89,282,2013
2301,R KAVVAI AT KUTTIYOL PALAM,KERALA,28,6,6.4,61,2.1,0.28,87,300,2013
2291,R KEECHERI AT VADAKKANCHERY BRIDGE,KERALA,30.1,6.3,7,105,2.8,0.37,142,543,2013
2326,R KORAYAR AT KANJIKODE,KERALA,27.9,6.9,8.1,502,0.9,0.72,382,615,2013
1569,"R KUPPAM AT THALIPARAMBA, KERALA",KERALA,27,5.9,6.7,14662,1.5,0.52,144,377,2013
2298,R KUPPAM AT RAYAROM,KERALA,26,7.8,6.8,49,1.4,0.3,122,319,2013
1567,"R KUTTIYADE AT KUTTIYADY ESTATE, KERALA",KERALA,27.7,7.1,7.4,380,1,0.14,1527,66382,2013
1568,"R MAHE AT VALAYAM, KERALA",KERALA,27.1,7.3,7.2,67,0.9,0.38,6490,3471,2013
2285,R MAMOM AT MAMOM BRIDGE,KERALA,26.5,6.2,7.2,51,0.8,0.23,331,942,2013
1340,"MANIMALA  AT KALLOOPARA, KERALA",KERALA,28.5,7.2,6.8,69,1.2,0.45,706,941,2013
1384,"MANIMALA AT THONDRA, KERALA",KERALA,28.7,6.9,6.7,75,2.5,0.4,526,701,2013
3459,"MANIYANKODE PUZHA AT MANIYANKODE BRIDGE, WAYANAD",KERALA,25.7,6.3,7.4,113,0.6,0.88,98,128,2013
2307,R MANJESWAR AT BAJRAKKARA BR.,KERALA,29.3,7.6,6.8,79,1.6,0.31,48,109,2013
1339,"MEENACHIL AT KIDANGOOR, KERALA",KERALA,27,7,7.2,57,0.6,0.46,2117,3558,2013
2304,R MOGRAL AT MOGRAL BR.,KERALA,30.9,5.9,7,22576,1.5,0.35,42,253,2013
43,"MUVATTAPUZHA AT VETTIKKATTUMUKKU, KERALA",KERALA,27.1,6.8,7.2,105,0.6,0.39,1200,2392,2013
2302,R NEELASWARAM AT NAMBIARKAL DAM,KERALA,30.3,6.3,6.7,2315,1.3,0.17,55,278,2013
1570,"R NEELESWARAM AT HOSDURG, KERALA",KERALA,30.4,6.4,6.9,18569,1,0.27,40,277,2013
1563,"R NEYYAR AT AMARAVILA, KERALA",KERALA,26.2,6.6,7.3,45,0.6,0.39,228,940,2013
2284,R NEYYAR AT ARUVIPURAM,KERALA,26.2,6.9,7.2,42,0.5,0.18,151,774,2013
2288,R PALLICKAL AT NELLIMUKAL,KERALA,25.1,6,7.3,92,1.7,0.56,256,597,2013
1156,"PAMBA AT CHENGANNUR, KERALA",KERALA,27.4,6.1,7.2,59,0.7,1.04,181,311,2013
1341,"PAMBA AT THAKAZHY, KERALA",KERALA,28.1,4.5,6.9,1190,0.7,1.17,218,388,2013
1565,"PAMBA DOWN, KERALA",KERALA,28.3,4.2,7,69,0.6,1.04,240,420,2013
17,"PERIYAR NEAR ALWAYENANELOOR, KERALA",KERALA,28.2,6,7,5569,2.2,0.68,473,1894,2013
18,"PERIYAR AT KALADY, KERALA",KERALA,27.2,7.3,7,34,1,0.27,234,927,2013
1338,"PERIYAR AT SEWAGE DISCHARGE POINT, KERALA",KERALA,27.4,6.3,7,44,1.6,0.32,487,1876,2013
2333,RIVER PERIYAR AT MUPPATHADAM,KERALA,28.2,6.4,7.2,49,1.4,0.23,362,1357,2013
2334,RIVER PERIYAR AT PATHALAM,KERALA,27.9,5.9,7,3272,2.2,0.62,330,1284,2013
2335,R PERIYAR AT KALAMASSERY,KERALA,27.3,4.6,7,65,1.7,0.28,631,1937,2013
2336,R PERIYAR AT PURAPPALLIKAVU,KERALA,28.2,6.5,6.9,4650,2,1,340,1573,2013
3468,"PERIYAR AT KWA INTAKENAN ALUVA, ERNAKULAM",KERALA,28.2,6.5,7,42,1.4,1,249,1221,2013
2300,R PERUVAMBA AT CHANDAPPURA,KERALA,26.7,6.4,6.4,45,1.2,1,142,376,2013
2303,R PULLUR AT PULLUR BR.,KERALA,28,6,6.1,56,1.2,0,136,438,2013
2290,R PUZHACKAL AT PUZHACKAL BRIDGE,KERALA,29.7,5.3,6.8,99,2.8,0.79,106,523,2013
2299,R RAMAPURAM AT RAMAPURAM BRIDGE,KERALA,28.2,3.6,6.5,22131,1.8,0.95,105,261,2013
2305,R SHRIYA AT ANGADIMOGARU,KERALA,28.9,6.9,6.7,66,1.8,0,93,205,2013
2296,R THALLASSERY AT PATHIPPALAM,KERALA,26.4,6,6.6,67,1.5,3.69,168,398,2013
2292,R THIRUR AT THALAKKADATHUR BRIDGE,KERALA,30,4.9,6.8,9107,1.6,1,208,614,2013
2306,R UPPALA AT  UPPALA BR.,KERALA,30.8,6.3,7,18931,1.4,1,34,201,2013
3473,"RIVER VALAPATTANAM AT PARASSINIKADAVU, KANNUR",KERALA,27.8,6.6,6.8,15525,1.1,0.06,149,347,2013
1442,"VAMANAPURAM, KERALA",KERALA,26.7,7.1,7.5,46,0.8,1,239,1097,2013
1342,ACHENKOIL AT THUMPAMON,KERALA,26,7,7.2,79,0.8,0.62,279,637,2012
1443,ACHENKOIL AT CHENNITHULA,KERALA,26,6.6,7,67,1.1,0.53,275,670,2012
3465,"ACHENKOIL AT KALLARAKADAVU, PATHANAMTHITTA",KERALA,26,6.6,7.3,59,0.7,0.57,281,541,2012
3466,"ACHENKOIL AT PANDALAM (NEAR AYYAPPA TEMPLE),PATHANAMTHITTA",KERALA,26,6.2,7.3,66,0.8,0.55,303,609,2012
2297,ANCHARAKANDY AT MERUVAMBA,KERALA,26,7.1,7,67,1,0.34,170,538,2012
2319,ANCHARAKANDY AT MERUVAMBA,KERALA,26,7,6.7,5341,1.1,0.37,158,528,2012
2286,R AYROOR AT AYROOR BRIDGE,KERALA,29,6.7,7.3,89,1.1,0.35,1163,2025,2012
2331,BHARATHAPUZHA AT KUTTIPPURAM,KERALA,28,6.2,7.3,136,1,0.46,296,676,2012
2332,R BHARATHAPUZHA AT PATTAMBI,KERALA,28,7.1,8.1,212,0.9,0.56,524,992,2012
1154,CHALAKUDY AT PULICKALKANANDAVU,KERALA,29,6.3,6.3,134,1.2,0.67,224,780,2012
20,CHALIYAR AT KOOLIMADU,KERALA,26,7.3,7.2,76,0.6,0.31,468,893,2012
21,CHALIYAR AT CHUNGAPALLY,KERALA,26,7,7.3,11041,0.9,0.29,256,503,2012
3464,"CHALIYAR AT NILAMBUR, MALAPPURAM",KERALA,28,6.8,7.1,75,0.8,0.5,693,1169,2012
1572,CHANDRAGIRI AT PADIYATHADKA,KERALA,29,7.4,7.2,61,0.7,0.11,54,255,2012
1573,CHITRAPUZHA AT IRUMPANAM,KERALA,28,1.7,6.6,769,3.4,1.11,556,1717,2012
2295,R CORAPUZHA AT KANAYANKODE,KERALA,26,6.1,7.5,14083,1.4,0.25,920,2686,2012
1564,"R ITHIKKARA AT AYUR, KERALA",KERALA,26,6.6,7.2,92,0.8,0.77,332,660,2012
2287,R ITHIKKARA AT ITHIKKARA,KERALA,25,6.6,7.2,1348,0.8,1.01,392,810,2012
1566,R KADALUNDI AT THIRURANGADY,KERALA,29,6,6.7,95,1.2,0.29,253,680,2012
2293,R KADALUNDI AT HAJIRAPPALLY,KERALA,29,6.6,6.8,78,1,0.2,275,626,2012
2337,KADAMBAYAR AT BRAHMAPURAM,KERALA,28,0.6,6.7,268,4.1,1.28,400,1308,2012
2338,KADAMBAYAR AT MANCKAKADAVU,KERALA,27,1.8,6.6,82,2,0.39,399,1410,2012
42,"KALLADA AT PERUMTHOTTAM KADAVU, PUNALOOR",KERALA,25,7.1,7.2,61,1,0.34,251,608,2012
2294,R KALLAI AT KALLAI BRIDGE,KERALA,26,3.9,7.6,30298,2.5,0.59,4830,7240,2012
3460,"KALPATHI PUZHA AT KALPATHI, PALAKKAD",KERALA,27,6.6,8,310,1.1,0.54,517,783,2012
3458,KARAPUZHA DAM AT WAYANAD,KERALA,27,7,7.1,97,0.8,0.35,45,77,2012
1571,R KARINGODE AT KAKKADAVU,KERALA,29,7.3,7,51,0.7,0.18,65,258,2012
1155,KARAMANA AT MOONNATTUMUKKU,KERALA,29,0.5,7.1,1717,21.2,4.41,3317,15833,2012
3471,"RIVER KARAMANA AT ARUVIKARA, THIRUVANANTHAPURAM",KERALA,29,7,7.4,55,0.9,0.32,800,1400,2012
2289,R KARUVANNURR AT KARUVANNUR BRIDGE,KERALA,29,6.1,6.8,67,1.1,0.58,80,394,2012
2301,R KAVVAI AT KUTTIYOL PALAM,KERALA,27,7,6.7,61,1.3,0.28,168,248,2012
2291,KEECHERI AT VADAKKANCHERY BDG,KERALA,30,5.2,6.9,81,1.5,0.37,71,465,2012
2326,R KORAYAR AT KANJIKODE,KERALA,27,6.1,8,510,1.1,0.72,784,1572,2012
1569,R KUPPAM AT THALIPARAMBA,KERALA,27,6.5,6.9,12150,1.8,0.52,711,1481,2012
2298,R KUPPAM AT RAYAROM,KERALA,25,7.9,7.2,50,1.1,0.3,319,845,2012
1567,R KUTTIYADE AT KUTTIYADY ESTATE,KERALA,25,7.5,6.9,34,0.9,0.14,110,256,2012
1568,"R MAHE AT VALAYAM, KERALA",KERALA,26,7,7.4,72,1,0.38,496,897,2012
2285,R MAMOM AT MAMOM BRIDGE,KERALA,29,7.3,7.3,99,0.9,0.23,1088,1788,2012
1340,MANIMALA  AT KALLOOPARA,KERALA,27,7.5,6.9,125,1.6,0.45,970,1400,2012
1384,MANIMALA AT THONDRA,KERALA,27,6.8,6.9,116,1.7,0.4,825,1260,2012
3459,"MANIYANKODE PUZHA AT MANIYANKODE BRIDGE, WAYANAD",KERALA,27,5.8,7.3,107,0.9,0.88,232,343,2012
2307,R MANJESWAR AT BAJRAKKARA BR.,KERALA,28,7.1,7.2,85,0.8,0.31,67,184,2012
1339,MEENACHIL AT KIDANGOOR,KERALA,26,6.8,7.1,58,0.7,0.46,2010,3460,2012
2304,R MOGRAL AT MOGRAL BR.,KERALA,29,5.7,7.3,13197,1.5,0.35,46,144,2012
43,MUVATTAPUZHA AT VETTIKKATTUMUKKU,KERALA,27,6.7,7.1,58,1.2,0.39,964,1739,2012
2302,NEELASWARAM AT NAMBIARKAL,KERALA,28,7,6.9,3453,0.9,0.17,56,278,2012
1570,R NEELESWARAM AT HOSDURG,KERALA,29,6.5,7,14369,1.3,0.27,63,175,2012
1563,R NEYYAR AT AMARAVILA,KERALA,28,6.6,7.3,70,1.4,0.39,838,1875,2012
2284,R NEYYAR AT ARUVIPURAM,KERALA,29,7,7.3,60,0.8,0.18,631,1813,2012
2288,R PALLICKAL AT NELLIMUKAL,KERALA,26,6.3,7.2,97,0.8,0.56,357,880,2012
1156,PAMBA AT CHENGANNUR,KERALA,28,6,7,63,1.1,1.04,243,493,2012
1341,PAMBA AT THAKAZHY,KERALA,28,4.4,7.1,113,1.5,1.17,358,722,2012
1565,PAMBA DOWN,KERALA,28,4.5,7.2,79,1,1.04,279,537,2012
17,PERIYAR NEAR ALWAYENANELOOR,KERALA,28,5.1,6.9,1789,2.1,0.68,408,1946,2012
18,PERIYAR AT KALADY,KERALA,27,7.5,7.2,36,1.1,0.27,282,1134,2012
1338,PERIYAR AT SEWAGE DISCHARGE POINT,KERALA,28,6.8,7,59,1.3,0.32,648,2267,2012
2333,PERIYAR AT MUPPATHADAM,KERALA,28,6.8,6.9,114,1.4,0.23,388,1785,2012
2334,RIVER PERIYAR AT PATHALAM,KERALA,28,5.9,6.8,1108,2.2,0.62,386,1520,2012
2335,R PERIYAR AT KALAMASSERY,KERALA,28,4.9,6.7,88,2.2,0.28,480,2200,2012
2336,R PERIYAR AT PURAPPALLIKAVU,KERALA,28,6.8,6.9,1686,1.4,0.25,236,1223,2012
3468,"PERIYAR AT KWA INTAKENAN ALUVA, ERNAKULAM",KERALA,28,7.1,6.9,45,1.2,0.29,451,1636,2012
2300,PERUVAMBA AT CHANDAPPURA,KERALA,26,6.9,6.6,56,1.1,0.3,177,542,2012
2303,R PULLUR AT PULLUR BR.,KERALA,28,6.5,6.3,49,1,0.22,87,323,2012
2290,R PUZHACKAL AT PUZHACKAL BRIDGE,KERALA,29,4.9,6.6,169,2.1,0.76,250,1241,2012
2299,R RAMAPURAM AT RAMAPURAM BRIDGE,KERALA,28,4.2,6.5,19575,1.4,0.39,210,528,2012
2305,R SHRIYA AT ANGADIMOGARU,KERALA,28,6.9,7.1,63,0.9,0.16,152,336,2012
2296,THALLASSERY AT PATHIPPALAM,KERALA,26,6.6,6.7,69,0.8,0.38,185,464,2012
2292,THIRUR AT THALAKKADATHUR BDG,KERALA,29,4.5,6.6,6381,2.1,0.34,196,435,2012
2306,R UPPALA AT  UPPALA BR.,KERALA,29,6.2,7.2,9326,1.3,0.22,61,141,2012
3473,"RIVER VALAPATTANAM AT PARASSINIKADAVU, KANNUR",KERALA,27,6.6,7.1,15158,1.1,0.26,126,810,2012
1442,VAMANAPURAM,KERALA,29,6.3,7.3,74,1.2,0.29,725,1813,2012
1342,ACHENKOIL AT THUMPAMON,KERALA,26.6,7.1,6.9,72,0.5,0.25,278,641,2011
1443,ACHENKOIL AT CHENNITHULA,KERALA,26.8,6.6,6.9,70,0.9,0.49,223,495,2011
2297,R ANCHARAKANDY AT MERUVAMBA,KERALA,26.6,6.9,7.1,52,0.8,0.18,46,520,2011
2319,R ANCHARAKANDY AT MERUVAMBA,KERALA,26.8,7.2,7,830,0.8,0.16,94,654,2011
2286,R AYROOR AT AYROOR BRIDGE,KERALA,29.3,6.3,6.9,95,1.3,0.99,750,1325,2011
2331,R BHARATHAPUZHA AT KUTTIPPURAM,KERALA,25.4,7.2,7.4,164,0.9,0.46,1325,2225,2011
2332,R BHARATHAPUZHA AT PATTAMBI,KERALA,25.5,6.9,7.5,231,0.8,0.55,1000,1725,2011
1154,CHALAKUDY AT PULICKALKANANDAVU,KERALA,26.6,6.5,6.9,101,1.3,0.47,468,1127,2011
20,"CHALIYAR AT KOOLIMADU, KERALA",KERALA,24.7,7.1,7.1,64,0.6,0.4,283,646,2011
21,CHALIYAR AT CHUNGAPALLY,KERALA,24.8,7.1,7.1,4600,0.6,0.35,229,538,2011
1572,CHANDRAGIRI AT PADIYATHADKA,KERALA,28,7.5,7.2,52,0.6,0.15,285,900,2011
1573,CHITTHRAPUZHA AT IRUMPANAM,KERALA,27.4,2,6.8,265,2.4,2.3,1525,5425,2011
2295,R CORAPUZHA AT KANAYANKODE,KERALA,26,5.6,7,12769,1.2,0.41,725,1650,2011
1564,"ITHIKKARA AT AYUR, KERALA",KERALA,27.4,7.1,7,90,0.6,0.64,338,625,2011
2287,R ITHIKKARA AT ITHIKKARA,KERALA,26.5,6.1,7,248,0.8,0.66,500,1150,2011
1566,KADALUNDY AT THIRURANGADY,KERALA,28.4,6,7,94,1.1,0.13,183,370,2011
2293,R KADALUNDI AT HAJIRAPPALLY,KERALA,28.8,6.5,7.5,76,0.8,0.08,275,585,2011
2337,R KADAMBAYAR AT BRAHMAPURAM,KERALA,26.7,1.5,6.6,192,3.6,0.92,881,2978,2011
2338,R KADAMBAYAR AT MANCKAKADAVU,KERALA,26.4,2,6.8,79,2.4,0.2,456,1275,2011
42,"KALLADA AT PERUMTHOTTAM KADAVU, PUNALOOR, KERALA",KERALA,26.5,7.2,7.1,52,0.6,0.15,298,687,2011
2294,R KALLAI AT KALLAI BRIDGE,KERALA,25.5,4,7.5,25964,1.1,0.76,945,1588,2011
1571,KARINGODE AT KAKKADAVU,KERALA,28,7.2,7.3,54,0.9,0.25,330,610,2011
1155,KARAMANA AT MOONNATTUMUKKU,KERALA,28,0.8,7.1,1239,11.9,1.87,4250,11000,2011
2289,R KARUVANNURR AT KARUVANNUR BRIDGE,KERALA,27.9,6.4,6.5,58,1.3,0.34,255,960,2011
2301,R KAVVAI AT KUTTIYOL PALAM,KERALA,28.1,6.3,6.8,77,1.2,0.16,73,208,2011
2291,R KEECHERI AT VADAKKANCHERY BRIDGE,KERALA,28.6,5.4,6.6,80,1.6,0.27,335,775,2011
2326,R KORAYAR AT KANJIKODE,KERALA,25.3,5.8,7.8,666,1,0.24,993,1650,2011
1569,R KUPPAM AT THALIPARAMBA,KERALA,28.3,6.6,7.2,12768,1.1,0.13,88,1412,2011
2298,R KUPPAM AT RAYAROM,KERALA,26.1,7.7,7.2,44,1,0.28,29,148,2011
1567,R KUTTIYADY AT  KUTTIYADY ESTATE,KERALA,24.3,7.1,7,27,0.4,0.11,73,218,2011
1568,"R MAHE AT VALAYAM, KERALA",KERALA,26,7.3,7.2,59,0.6,0.19,160,465,2011
2285,R MAMOM AT MAMOM BRIDGE,KERALA,28.5,7.8,7.1,119,0.7,0.87,875,1725,2011
1340,"MANIMALA  AT KALLOOPARA,",KERALA,26.6,7.3,7.1,54,1.3,0.41,415,913,2011
1384,"MANIMALA AT THONDRA, KERALA",KERALA,26.8,7,6.6,104,1.5,0.49,500,1000,2011
2307,R MANJESWAR AT BAJRAKKARA BR.,KERALA,28,6,7.2,92,0.7,0.38,765,1390,2011
1339,"MEENACHIL AT KIDANGOOR, KERALA",KERALA,26.2,6.8,6.6,48,0.5,0.44,1225,2025,2011
2304,R MOGRAL AT MOGRAL BR.,KERALA,28.5,5.6,7.1,20455,0.6,0.58,433,675,2011
43,"MUVATTAPUZHA AT VETTIKKATTUMUKKU, KERALA",KERALA,26.5,7,7,56,1.1,0.43,768,1725,2011
2302,R NEELASWARAM AT NAMBIARKAL DAM,KERALA,29.3,6.7,6.9,2531,0.5,0.22,308,465,2011
1570,R NEELASWARAM AT HOSDURG,KERALA,29.3,6.2,7.2,15362,0.8,0.39,830,1303,2011
1563,"R NEYYAR AT AMARAVILA, KERALA",KERALA,27,7.3,7.2,62,0.8,0.95,525,985,2011
2284,R NEYYAR AT ARUVIPURAM,KERALA,27.3,7.6,7.2,59,0.6,0.65,463,1163,2011
2288,R PALLICKAL AT NELLIMUKAL,KERALA,27.9,6.4,6.8,83,0.5,0.42,175,575,2011
1156,"PAMBA AT CHENGANNUR, KERALA",KERALA,27.8,7,6.6,50,0.6,0.75,295,578,2011
1341,"PAMBA AT THAKAZHY, KERALA",KERALA,27.8,6.7,6.8,76,1.2,1.21,310,625,2011
1565,"PAMBA DOWN, KERALA",KERALA,28.3,6.7,6.6,64,0.9,1.35,428,838,2011
17,PERIYAR NEAR ALWAYENANELOOR,KERALA,27.5,5.6,6.9,943,1.5,0.4,655,1925,2011
18,"PERIYAR AT KALADY, KERALA",KERALA,26.3,7.4,7,38,0.9,0.26,386,1196,2011
1338,"PERIYAR AT SEWAGE DISCHARGE POINT, KERALA",KERALA,27,6.7,6.9,43,1,0.3,1043,2750,2011
2333,RIVER PERIYAR AT MUPPATHADAM,KERALA,27.4,7.1,7.3,48,1.5,0.36,595,1775,2011
2334,RIVER PERIYAR AT PATHALAM,KERALA,27,6.2,6.8,309,1.6,0.39,1129,2725,2011
2335,R PERIYAR AT KALAMASSERY,KERALA,27.4,5.2,6.8,61,1.8,0.33,1123,2650,2011
2336,R PERIYAR AT PURAPPALLIKAVU,KERALA,27.3,6.8,6.9,995,1.1,0.24,349,1258,2011
2300,R PERUVAMBA AT CHANDAPPURA,KERALA,27,6.8,6.9,52,0.9,0.45,39,198,2011
2303,R PULLUR AT PULLUR BR.,KERALA,27.8,6.2,6.6,44,0.7,0.21,715,1630,2011
2290,R PUZHACKAL AT PUZHACKAL BRIDGE,KERALA,28.4,4.5,6.5,77,1.1,0.34,400,2675,2011
2299,R RAMAPURAM AT RAMAPURAM BRIDGE,KERALA,28.8,4,7,19279,0.9,0.03,98,233,2011
2305,R SHRIYA AT ANGADIMOGARU,KERALA,28.8,7,7.4,69,1,0.12,230,660,2011
2296,R THALLASSERY AT PATHIPPALAM,KERALA,25.9,6.5,6.8,58,0.5,0.24,303,1026,2011
2292,R THIRUR AT THALAKKADATHUR BRIDGE,KERALA,28,4.6,6.9,98,0.6,0.11,168,348,2011
2306,R UPPALA AT  UPPALA BR.,KERALA,28.5,6.6,7.3,12327,0.6,0.71,1326,2210,2011
1442,"VAMANAPURAM, KERALA",KERALA,28.8,7.1,7,51,1,0.78,750,1700,2011
1399,"ZUARI AT D/S OF PT. WHERE KUMBARJRIA CANAL JOINS, GOA",GOA,29.8,5.7,7.2,189,2,0.2,4953,8391,2014
1475,ZUARI AT PANCHAWADI,GOA,29.5,6.3,6.9,179,1.7,0.1,3243,5330,2014
3181,RIVER ZUARI AT BORIM BRIDGE,GOA,29.7,5.8,6.9,64,3.8,0.5,5382,8443,2014
3182,RIVER ZUARI AT MARCAIM JETTY,GOA,29.5,5.8,7.3,83,1.9,0.4,3428,5500,2014
1400,"MANDOVI AT NEGHBOURHOOD OF PANAJI, GOA",GOA,30,5.5,7.4,81,1.5,0.1,2853,4049,2014
1476,"MANDOVI AT TONCA, MARCELA, GOA",GOA,29.2,6.1,6.7,308,1.4,0.3,3355,5672,2014
3185,RIVER MANDOVI AT AMONA BRIDGE,GOA,29.6,6.4,6.7,414,1,0.2,6073,9423,2014
3186,RIVER MANDOVI AT IFFI JETTY,GOA,30,6.4,7.6,305,2.2,0.1,3478,4990,2014
3187,RIVER MANDOVI NEAR HOTEL MARRIOT,GOA,30.1,6.3,7.6,77,2.3,0.1,2606,4301,2014
1543,"RIVER KALNA AT CHANDELNAN PERNEM, GOA",GOA,27.8,7.1,7.1,176,1.2,0.1,4573,7817,2014
1548,"RIVER ASSONORA AT ASSONORA, GOA",GOA,27.9,6.7,6.4,93,1.4,0.1,2147,3433,2014
2276,"RIVER BICHOLIM VARAZAN NAGAR , BICHOLIM",GOA,29.3,7.4,6.8,121,1.7,0.4,11633,18125,2014
2275,"RIVER CHAPORA NEAR ALORNA FORT ,PERNEM",GOA,29.2,6.9,7,620,1.1,0.1,3500,6300,2014
3189,RIVER CHAPORA AT SIOLIM,GOA,30,6,7.5,72,1.6,0.2,4995,9517,2014
1546,"RIVER KHANDEPAR AT OPA NAN PONDA, GOA",GOA,29,7.3,7,247,1.5,0.2,1095,2453,2014
2270,"RIVER KHANDEPAR AT CODLI NEAR BRIDGE ,U/S OPA WATERWORKS,SANGUEM",GOA,29.1,7.3,7,188,1,0.1,1286,3048,2014
2272,"RIVER KUSHAWATI NEAR BUND AT KEVONA,RIVON,SANGUEM",GOA,28.7,7,6.9,224,1.2,0.3,3896,6742,2014
1545,"RIVER MADAI AT DABOS NAN  VALPOI, GOA",GOA,28.7,7.3,6.7,144,1.5,0.1,1940,3052,2014
2274,RIVER MAPUSA ON CULVERT ON HIGHWAY MAPUSANANPANAJI,GOA,29.5,5.3,6.8,319,1.8,0.3,6458,10250,2014
2271,"RIVER SAL PAZORKHONI,CUNCOLIM(NEAR CULVERT MARGAONAN CANACONA NATIONAL HIGHWAY)",GOA,29,6.3,6.4,79,1.6,1.4,7592,12842,2014
2273,"RIVER SAL NEAR HOTEL LEELA MOBOR,CAVELOSSIM",GOA,29.4,5.4,7.6,39,1.4,0.1,3176,6367,2014
3183,"RIVER SAL AT KHAREBAND, MARGAO",GOA,28.3,2.2,6.5,322,4.7,1.2,11210,14920,2014
3184,"RIVER SAL AT ORLIM BRIDGE, ORLIM",GOA,30.1,5.2,7.1,192,2.6,0.3,5073,8925,2014
3190,RIVER SINQUERIM (CANDOLIM SIDE NEAR BRIDGE),GOA,30.3,5.6,7.5,282,1.8,0.1,3205,5082,2014
3191,RIVER SINQUERIM NEAR NERUL TEMPLE,GOA,30.5,5.5,7.4,275,1.5,0.1,4698,8625,2014
1547,"RIVER TALPONA AT CANACONA, GOA",GOA,29.1,7.3,6.7,55,1.4,0.1,2638,4003,2014
3188,RIVER TIRACOL AT TIRACOL,GOA,30.1,6.5,7.5,415,2,0.1,864,1538,2014
1544,"RIVER VALVANT AT SANKLI NAN BICHOLIM, GOA",GOA,29.2,7.2,6.3,100,1.5,0.1,7942,13575,2014
1399,"ZUARI AT D/S OF PT. WHERE KUMBARJRIA CANAL JOINS, GOA",GOA,30,5.6,7.5,41,2,0.08,7022,13410,2013
1475,ZUARI AT PANCHAWADI,GOA,30.4,5.5,6.7,209,0.8,0.17,1893,2915,2013
3181,RIVER ZUARI AT BORIM BRIDGE,GOA,30.8,5.5,7.1,123,1.5,0.09,3293,6264,2013
3182,RIVER ZUARI AT MARCAIM JETTY,GOA,30.3,5.3,7.3,182,1.5,0.08,1976,3080,2013
1400,"MANDOVI AT NEGHBOURHOOD OF PANAJI, GOA",GOA,30.1,6,7.6,100,1.2,0.17,5129,6086,2013
1476,"MANDOVI AT TONCA, MARCELA, GOA",GOA,29.9,5.7,6.9,111,1,0.14,939,3061,2013
3185,RIVER MANDOVI AT AMONA BRIDGE,GOA,29.1,6.4,7.1,140,1.1,0.1,4464,7908,2013
3186,RIVER MANDOVI AT IFFI JETTY,GOA,29.9,6.2,7.8,44,2,0.06,9429,9320,2013
3187,RIVER MANDOVI NEAR HOTEL MARRIOT,GOA,29.8,6.1,7.6,43,1.8,0.06,6668,9554,2013
1543,"RIVER KALNA AT CHANDELNAN PERNEM, GOA",GOA,27.9,7,6.9,64,1.1,0.09,1641,2841,2013
1548,"RIVER ASSONORA AT ASSONORA, GOA",GOA,28.2,6.6,6.5,62,1,0.14,4073,7190,2013
2276,"RIVER BICHOLIM VARAZAN NAGAR , BICHOLIM",GOA,29.6,7,6.8,304,2,0.49,12140,23867,2013
2275,"RIVER CHAPORA NEAR ALORNA FORT ,PERNEM",GOA,28.8,7,7,55,1.2,0.66,1298,2813,2013
3189,RIVER CHAPORA AT SIOLIM,GOA,29.5,6.3,7.6,213,1.5,0.06,3803,7069,2013
1546,"RIVER KHANDEPAR AT OPA NAN PONDA, GOA",GOA,29.8,6.7,6.8,83,1.2,0.17,2140,3559,2013
2270,"RIVER KHANDEPAR AT CODLI NEAR BRIDGE ,U/S OPA WATERWORKS,SANGUEM",GOA,29.7,7.1,6.6,76,1,0.12,2367,3527,2013
2272,"RIVER KUSHAWATI NEAR BUND AT KEVONA,RIVON,SANGUEM",GOA,28.7,6.7,6.6,107,1.3,0.22,2461,3757,2013
1545,"RIVER MADAI AT DABOS NAN  VALPOI, GOA",GOA,27.9,7.2,6.7,89,0.9,0.06,832,1996,2013
2274,RIVER MAPUSA ON CULVERT ON HIGHWAY MAPUSANANPANAJI,GOA,29.3,4.2,6.7,192,2,0.16,4448,9286,2013
2271,"RIVER SAL PAZORKHONI,CUNCOLIM(NEAR CULVERT MARGAONAN CANACONA NATIONAL HIGHWAY)",GOA,28.6,6.3,6.6,79,1.6,0.19,2830,6054,2013
2273,"RIVER SAL NEAR HOTEL LEELA MOBOR,CAVELOSSIM",GOA,29.8,5.6,7.7,142,1.7,0.14,1831,3644,2013
3183,"RIVER SAL AT KHAREBAND, MARGAO",GOA,28.6,2.8,6.4,424,3.2,0.35,12658,21036,2013
3184,"RIVER SAL AT ORLIM BRIDGE, ORLIM",GOA,30.6,5.2,7.1,306,2.6,0.34,1411,1525,2013
3190,RIVER SINQUERIM (CANDOLIM SIDE NEAR BRIDGE),GOA,30.3,5.6,7.7,40,1.5,0.07,4153,7130,2013
3191,RIVER SINQUERIM NEAR NERUL TEMPLE,GOA,30.4,5.5,7.7,40,1.5,0.08,7086,12282,2013
1547,"RIVER TALPONA AT CANACONA, GOA",GOA,29.6,6.9,6.7,63,0.9,0.21,691,1132,2013
3188,RIVER TIRACOL AT TIRACOL,GOA,29.6,6.3,7.6,227,1.7,0.08,3622,3612,2013
1544,"RIVER VALVANT AT SANKLI NAN BICHOLIM, GOA",GOA,29.5,7.1,6.6,68,1.1,0.13,4124,8167,2013
1399,ZUARI AT D/S OF PT. WHERE KUMBARJRIA CANAL JOINS,GOA,31,5.9,7.2,52,2.1,0.08,,90,2012
1475,ZUARI AT PANCHAWADI,GOA,30,6.1,6.8,408,1.3,0.17,1300,3808,2012
3181,RIVER ZUARI AT BORIM BRIDGE,GOA,30,5.5,6.9,143,1.3,0.09,4100,11113,2012
3182,RIVER ZUARI AT MARCAIM JETTY,GOA,29,5.4,7.2,60,1.5,0.08,428,2309,2012
1400,MANDOVI AT NEGHBOURHOOD OF PANAJI,GOA,29,5.8,7.2,34,5.3,0.17,855,3322,2012
1476,"MANDOVI AT TONCA, MARCELA",GOA,29,5.9,6.7,125,1.5,0.14,1638,5793,2012
3185,MANDOVI AT AMONA BRIDGE,GOA,28,6.4,6.7,175,1.3,0.1,772,3636,2012
3186,RIVER MANDOVI AT IFFI JETTY,GOA,30,6.2,7.7,39,1.3,0.06,1296,4517,2012
3187,MANDOVI NEAR HOTEL MARRIOT,GOA,30,6.1,7.8,39,1.5,0.06,1032,5840,2012
1543,KALNA AT CHANDELNAN PERNEM,GOA,27,7.3,6.9,61,0.7,0.09,1430,4388,2012
1548,RIVER ASSONORA AT ASSONORA,GOA,28,6.8,6.6,71,1.5,0.14,2495,3949,2012
2276,"BICHOLIM VARAZAN NAGAR, BICHOLIM",GOA,29,7.4,6.5,129,2.3,0.49,5868,16691,2012
2275,"RIVER CHAPORA NEAR ALORNA FORT ,PERNEM",GOA,28,7,6.8,503,1.6,0.66,965,2404,2012
3189,RIVER CHAPORA AT SIOLIM,GOA,29,6.3,7.5,31,1.6,0.06,1466,4267,2012
1546,KHANDEPAR AT OPA NAN PONDA,GOA,29,7.1,6.8,70,0.8,0.17,716,3567,2012
2270,"KHANDEPAR AT CODLI NR BDG, U/S OPA WATERWORKS,SANGUEM",GOA,30,7.3,6.8,69,1.2,0.12,457,2446,2012
2272,"RIVER KUSHAWATI NEAR BUND AT KEVONA,RIVON,SANGUEM",GOA,28,6.7,6.6,118,1,0.22,1104,3496,2012
1545,RIVER MADAI AT DABOS NAN  VALPOI,GOA,28,7.4,6.8,80,1.3,0.06,274,1404,2012
2274,RIVER MAPUSA ON CULVERT ON HIGHWAY MAPUSANANPANAJI,GOA,29,4.5,6.6,250,2.4,0.16,1572,5889,2012
2271,"SAL PAZORKHONI, CUNCOLIM (NEAR CULVERT MARGAONAN CANACONA NATIONAL HIGHWAY)",GOA,28,6.1,6.9,74,1.8,0.19,1074,3937,2012
2273,"RIVER SAL NEAR HOTEL LEELA MOBOR,CAVELOSSIM",GOA,30,5.9,7.3,44,1.6,0.14,962,2794,2012
3183,"SAL AT KHAREBAND, MARGAO",GOA,30,2.4,6.5,195,4.8,0.35,7980,14217,2012
3184,"SAL AT ORLIM BRIDGE, ORLIM",GOA,31,4,6.8,207,1.8,0.34,818,2280,2012
3190,RIVER SINQUERIM (CANDOLIM SIDE NEAR BRIDGE),GOA,29,5.4,7.6,40,1.6,0.07,290,1330,2012
3191,RIVER SINQUERIM NEAR NERUL TEMPLE,GOA,30,5.3,7.6,41,1.4,0.08,952,2517,2012
1547,RIVER TALPONA AT CANACONA,GOA,29,7,6.9,54,0.8,0.21,667,3059,2012
3188,RIVER TIRACOL AT TIRACOL,GOA,29,5.9,7.7,44,2.1,0.08,1200,831,2012
1544,VALVANT AT SANKLI NAN BICHOLIM,GOA,29,7.1,6.5,60,1.7,0.13,2926,8163,2012
1399,"ZUARI AT D/S OF PT. WHERE KUMBARJRIA CANAL JOINS, GOA",GOA,28.7,6.8,6.5,43,1.1,0.42,8,178,2011
1475,ZUARI AT PANCHAWADI,GOA,29.3,6.6,7,59,1.1,0.27,8,113,2011
1400,"MANDOVI AT NEGHBOURHOOD OF PANAJI, GOA",GOA,28.8,6,6.2,106,1.5,0.28,9,166,2011
1476,"MANDOVI AT TONCA, MARCELA, GOA",GOA,28.3,5.9,6.6,516,1.1,0.18,8,169,2011
1543,RIVER KALNA AT CHANDELNAN PERNEM,GOA,25.8,7.3,6.1,87,0.9,0.33,6,169,2011
1548,RIVER ASSONORA AT ASSONORA,GOA,28.3,7.3,5.9,74,1.5,0.22,8,163,2011
2276,RIVER BICHOLIM VARAZAN NAGAR,GOA,27.8,6.7,6.3,127,2,0.44,10,149,2011
2275,"RIVER CHAPORA NEAR ALORNA FORT ,PERNEM",GOA,26,6.8,6.2,226,1.6,0.18,9,151,2011
1546,RIVER KHANDEPAR AT OPA NAN PONDA,GOA,27.8,7.1,5.9,93,1.8,0.28,9,131,2011
2270,"RIVER KHANDEPAR AT CODLI NEAR BRIDGE ,U/S OPA WATERWORKS,SANGUEM",GOA,26.3,7.4,6.2,76,1.3,0.41,11,133,2011
2272,"RIVER KUSHAWATI NEAR BUND AT KEVONA,RIVON,SANGUEM",GOA,25.7,7.3,6.2,113,1.2,0.33,9,137,2011
1545,RIVER MADAI AT DABOS NAN  VALPOI,GOA,29,7.3,5.9,100,1.3,0.27,6,173,2011
2274,RIVER MAPUSA ON CULVERT ON HIGHWAY MAPUSANANPANAJI,GOA,26.9,6,5.9,273,1.8,0.31,10,171,2011
2271,"RIVER SAL PAZORKHONI, CUNCOLIM (NEAR CULVERT MARGAONAN CANACONA NATIONAL HIGHWAY)",GOA,27,6.1,6.5,201,2,0.43,9,149,2011
2273,"RIVER SAL NEAR HOTEL LEELA MOBOR,CAVELOSSIM",GOA,27.5,6.2,6.3,245,1.8,0.31,7,135,2011
1547,RIVER TALPONA AT CANACONA,GOA,28.3,7,6.5,75,0.9,0.22,7,166,2011
1544,"VALVANT AT SANKLI NAN BICHOLIM, GOA",GOA,29,7.3,6,74,1.6,0.11,8,181,2011